,Target,Observations,Events,logloss_GPT,logloss_Base,AUC_GPT,AUC_Base
0,A04,442610,526.0,0.008932075635790031,0.009217651375735896,0.6625192834505274,0.5809165058802204
1,A08,444540,214.0,0.004329050628654797,0.004440304161537239,0.7286668485936549,0.5952391516778475
2,A09,431346,3557.0,0.045886357377148156,0.04762668079349052,0.6956627734796934,0.5984684511988161
3,A40,448741,136.0,0.002637178144826211,0.002725810771760601,0.7894438445455423,0.6576736576196667
4,A41,442008,3193.0,0.04098679888115305,0.041583471532157426,0.7817340689186844,0.678017422280821
5,A49,447562,648.0,0.010687447045673606,0.010794886034363089,0.7973405632712941,0.6767650549720479
6,B00,444577,104.0,0.002298075413005004,0.0023189866750825644,0.5464934899567319,0.4028594083503212
7,B02,432530,345.0,0.008860859029687607,0.007738412800686591,0.5657141726578778,0.4954661860619605
8,B07,432976,144.0,0.004288743535472043,0.004039417071546968,0.5343998380305626,0.45485823117668445
9,B17,448765,32.0,0.0007764093859542502,0.0008051130838730892,0.5902277217187059,0.4863100663423461
10,B18,448483,71.0,0.0014865797615646284,0.0015529157770234167,0.7058659773776957,0.530246454687735
11,B34,438393,203.0,0.005040018212887196,0.004698853622574207,0.6102006777319644,0.5143230937565941
12,B35,419608,116.0,0.005746117478115359,0.005485685436063615,0.5267110227246946,0.3804826371272709
13,B36,443872,50.0,0.0015558874188999216,0.0015842277926662667,0.5796923992050868,0.38246287926240696
14,B37,440439,1355.0,0.019575050521312504,0.0205277389564073,0.7502070529856166,0.632558588676776
15,B44,448864,63.0,0.0012957216291416543,0.0013867667650931603,0.833424617118281,0.5674762947752535
16,B49,448765,44.0,0.0009757355024424394,0.0010173792116736117,0.7023209755160679,0.5775040716736113
17,B59,449077,36.0,0.0008278826626839311,0.0008375281185742734,0.8599448293387711,0.6711496463203435
18,B94,449023,37.0,0.000910506203432513,0.0008923322183308035,0.6084328639152174,0.5233879260185202
19,B95,443511,1212.0,0.01844846914514701,0.018566067446105703,0.7666913486842231,0.6355770201731059
20,B96,437509,2512.0,0.0339078069397172,0.034408692184861304,0.7634786350345868,0.6631598603235114
21,B97,447664,2580.0,0.043743633137263344,0.04216451270359246,0.6698980665369045,0.5845674031464072
22,B98,445200,492.0,0.00873313063393472,0.008618158619547922,0.5802362773570395,0.567784396078735
23,B99,448401,304.0,0.005579483655237573,0.005699177179342114,0.749633927064429,0.6781458627144052
24,D50,425657,3948.0,0.04895011534116068,0.051804903396831414,0.7380180722296288,0.6376337728367663
25,D51,446251,198.0,0.0037622916258948707,0.003918263766225183,0.7523926868589947,0.5629907876372983
26,D52,448631,243.0,0.004201241043232586,0.004580477002918422,0.834917090838178,0.6898077387121846
27,D53,448966,34.0,0.0007464010915756884,0.000807578343765412,0.7630939521300487,0.5689896832272777
28,D56,448503,45.0,0.0010139394997076665,0.0010341006417067633,0.6774974839709998,0.5034826994823248
29,D57,448529,43.0,0.0009690741653286785,0.0009992392109752406,0.7017569914033249,0.5069590723269576
30,D58,448931,26.0,0.0005781837234775592,0.0006227340203678667,0.8098058694961158,0.592033735080148
31,D59,448908,50.0,0.0010723194641718795,0.0021719539262324166,0.7714760124582831,0.6203516256811731
32,D61,448481,278.0,0.004673994271991574,0.005091201904852789,0.8143951448836847,0.6787695819743294
33,D62,448783,35.0,0.000812899360004936,0.0008715506955409371,0.6910342298381912,0.5507827810454229
34,D63,448431,272.0,0.004331903763476971,0.0049634465726520445,0.8672697390225081,0.689272668851903
35,D64,427324,4700.0,0.057084724366839715,0.059268075014247176,0.7417864659940168,0.6478203156590879
36,D68,447091,202.0,0.0038156908495802755,0.003955694925145091,0.7120271842373244,0.5614713193559107
37,D69,445896,976.0,0.014359657349179952,0.015352010735202128,0.7633199162347108,0.654762801343546
38,D70,445274,785.0,0.012161707083308274,0.012858551037833276,0.7239983455989747,0.6120463929860458
39,D72,447898,299.0,0.005325945494902557,0.005473820681354018,0.7505145869300819,0.6782907039619739
40,D73,448353,256.0,0.004780914785297084,0.00491447320700288,0.6893435644584209,0.5661500493684961
41,D75,446934,225.0,0.004112327530116934,0.004328731960510245,0.7418389550642092,0.6012696955835777
42,D80,448833,49.0,0.0010113606345507373,0.001103544087157522,0.7967902699066721,0.6012484256778043
43,D84,449010,38.0,0.0008501933845470624,0.0009914954651228422,0.7913549409012495,0.5723821365955537
44,D86,447359,90.0,0.0019084357910844744,0.0019214822543252462,0.6257320166014932,0.5030852176704003
45,D89,448626,87.0,0.0016831568532598732,0.0018634634424862537,0.7959444985280819,0.5809537109409084
46,E02,449013,64.0,0.0014602063432459322,0.0014180216096740382,0.6774410379853836,0.6746481086938605
47,E03,416258,1961.0,0.029602976131985297,0.02965058361245877,0.6659571871456372,0.5930417130722982
48,E04,444438,465.0,0.008137480489162498,0.008124270537951827,0.6379606635480521,0.6344840596113941
49,E05,442094,564.0,0.00928420686765114,0.00962207461298889,0.7416520977265869,0.642400633242916
50,E06,447804,86.0,0.0017875709029946734,0.0018250574378651124,0.7081608263174796,0.6158713691976168
51,E07,446828,429.0,0.0073674883306134135,0.00775674229382305,0.8157378685090441,0.6603480748830537
52,E10,445503,264.0,0.003997567220155083,0.005075425209951486,0.8893185313070195,0.5775728206104083
53,E11,416497,4424.0,0.05262983668599165,0.058136156243753574,0.7808390467639934,0.6057592030856873
54,E13,448877,82.0,0.0016798116011887412,0.0018894684635243238,0.7784311730136986,0.605328278786637
55,E14,429267,608.0,0.010117339557177713,0.011463179549198586,0.7834737802566905,0.503067190430843
56,E16,446454,815.0,0.010468348295183953,0.013091787922064207,0.8933744343976899,0.6574360024580131
57,E20,448959,26.0,0.0005730080254134505,0.0006318074968235836,0.816149625890723,0.5294398050488602
58,E21,447154,428.0,0.007301861327597415,0.007505335479189833,0.724152780451552,0.6496275906186991
59,E22,448391,194.0,0.003701226086202731,0.0037253986984794093,0.7279075021985569,0.6704704524145069
60,E23,448121,92.0,0.0018042831932066562,0.0019268340041923202,0.754103480490927,0.6266232936008509
61,E27,448082,376.0,0.006661324135514494,0.006969617043266242,0.7315383333344421,0.5851377099342644
62,E28,246686,29.0,0.0011585877025462475,0.0011548786359622041,0.6700175435579744,0.7185026449545389
63,E29,199728,55.0,0.0022996450228043868,0.0025389922953044743,0.8045883200851575,0.5052562303001771
64,E34,448807,27.0,0.0006074148338724459,0.0006485836730920026,0.7363152860512369,0.5079518051408509
65,E46,448913,140.0,0.0026791450967458977,0.0028218313204670803,0.8320276939248,0.6457057354163463
66,E53,446189,1107.0,0.016217780385426483,0.017322651363143354,0.7694982492736121,0.6433964096389908
67,E55,445211,2029.0,0.02853242888149021,0.029877893277664068,0.7118298313323015,0.6325555813614843
68,E61,448040,405.0,0.006891072666394217,0.007398351693030049,0.766394164557847,0.5923817809566243
69,E66,409923,6830.0,0.08029940568437,0.08643364373631628,0.7664938157062156,0.5310603510914083
70,E73,448692,80.0,0.0017103348297206492,0.0017383869635684275,0.6713894189187984,0.5788629428102682
71,E78,350289,7872.0,0.10584559470692059,0.10757913735309642,0.6474964674395844,0.5159326749998
72,E80,447597,176.0,0.0034928263334413107,0.004181390910949032,0.6146755199140285,0.598997860160585
73,E83,444551,2795.0,0.037394289809470904,0.03877328024346915,0.7454662848144455,0.6385355988859618
74,E85,448908,137.0,0.002671448968417039,0.0027175550124845828,0.7996685985554677,0.7439340699295418
75,E86,444456,2990.0,0.038213884109676154,0.0395579779168089,0.7935089051957277,0.6850569708705566
76,E87,437494,6776.0,0.0756453725739709,0.07856510274920651,0.770787857822182,0.6773761047716634
77,E88,448288,363.0,0.006589749770915479,0.006577256765684318,0.7267001513406401,0.6340727145418474
78,E89,446483,496.0,0.007050940371484994,0.008576485942066846,0.879779893049103,0.6312308091469756
79,F00,448307,969.0,0.013232811282197816,0.01401634819537173,0.8474723674520133,0.815505598556019
80,F01,448575,537.0,0.007412422141718028,0.008396366605033432,0.8973977836560035,0.8243536293721694
81,F02,448850,308.0,0.004651843998531401,0.00536400985520556,0.8724812186578308,0.7778928294774637
82,F03,447738,1279.0,0.015945482886687016,0.01783214578080372,0.8711560220368124,0.8017373644647408
83,F05,446744,2863.0,0.0355381936792371,0.036634383807576686,0.8427586013751189,0.7662801629934355
84,F06,448378,325.0,0.005428497221683538,0.005709053405902366,0.8127124898857262,0.7345690902982116
85,F10,439828,1263.0,0.018676733768843806,0.01929928099413844,0.7305167624574636,0.6457192277711954
86,F12,448799,54.0,0.0011466055387291641,0.0012490884101438685,0.8325999505617105,0.5337026348792497
87,F17,412345,1757.0,0.02414173482139219,0.027790695331637617,0.8026710713570026,0.5423666426192704
88,F20,448067,83.0,0.0015099394129096774,0.001803455172831213,0.8521010136119319,0.48178271050558175
89,F22,448702,115.0,0.0022718285373295464,0.0024198641130937252,0.7711855516175864,0.5716411561287952
90,F23,448871,35.0,0.0007914853826514475,0.0008444230529851785,0.7273109299865175,0.47835149459618087
91,F29,448663,80.0,0.0015571955231608106,0.0017385825888420077,0.794827894168972,0.5463627689858955
92,F31,447012,105.0,0.001911372342778167,0.0022046889098466305,0.8376343560133476,0.5165902951791291
93,F32,397079,3356.0,0.04621212055470415,0.04885634394993109,0.7109188344230091,0.5499279403451052
94,F33,445774,89.0,0.0017346045447527,0.0019749905403038024,0.8452862422482348,0.47426545654442037
95,F39,448289,63.0,0.001398070872079841,0.0014019624514303277,0.7170061743937423,0.5207295511851695
96,F40,445675,465.0,0.00820653680317281,0.00809886336144475,0.6582723194780862,0.6348804756387767
97,F41,417021,4574.0,0.059469508676189574,0.061446983906648954,0.6846603952470943,0.5604623051995872
98,F42,448315,38.0,0.0008000279056831287,0.0008810902898544634,0.8337253411101665,0.5223651952511035
99,F43,435397,199.0,0.004208176801434225,0.004236108627179117,0.6872020662413904,0.59649664805722
100,F44,448824,45.0,0.0009007992148477339,0.001032958788104201,0.8583532701445973,0.6221636187670695
101,F45,446319,50.0,0.0012588149066297602,0.0012295027825273885,0.591634216134215,0.5384799302662744
102,F51,448633,29.0,0.0006659525774192178,0.0006947285122885766,0.7140891713419624,0.5152594839039362
103,F52,198825,178.0,0.007225759201351867,0.007247701253592627,0.6367739555848122,0.49870749213937904
104,F60,448463,83.0,0.001597844304549193,0.0018273040224790575,0.8627553167305917,0.5205263715103959
105,F79,449028,48.0,0.000988627557347878,0.0011423238286129473,0.8861472578585534,0.6221995551026771
106,F80,448941,42.0,0.0008891773204594728,0.0009344360258968585,0.8179366946366872,0.7137450263231342
107,F81,448782,43.0,0.000974512557210604,0.0009934758018482232,0.7872059518515372,0.5730819753980365
108,F84,448903,49.0,0.0010563089644464705,0.0011320318032216501,0.7839121452428102,0.5870079066662557
109,F99,448797,41.0,0.0009160131717404141,0.000962571684265094,0.7395215478061955,0.49127177917751597
110,G04,448495,87.0,0.0019115058360012975,0.0018483831825413038,0.6692340380896955,0.6099397726249718
111,G06,448866,27.0,0.0006700231011926802,0.000638413292826664,0.5950034215848906,0.6851418635387942
112,G11,448868,44.0,0.0009917405131451373,0.001001137121191393,0.6891365242581422,0.5828315421878266
113,G12,448911,128.0,0.0026271504394494967,0.0025870996359742752,0.6260539353791253,0.6375995348113677
114,G20,447032,789.0,0.012249839665857196,0.012223405686238333,0.762632787724451,0.7499635607211081
115,G21,449007,62.0,0.0012384005948622284,0.0013402632614295726,0.8211629846173412,0.7094323465874655
116,G23,449030,98.0,0.0019512964236882177,0.0020615058069596956,0.7749732267074855,0.6579992933796437
117,G24,448097,81.0,0.0016298665984799568,0.0017447454112549212,0.733260738924227,0.5383520666810401
118,G25,444839,552.0,0.009208792186900332,0.009458460097886168,0.7214915496586405,0.6142837907393912
119,G30,447931,1194.0,0.016154302712419764,0.016733102815786657,0.8242534376074714,0.8105560988148461
120,G31,447862,948.0,0.013860347685724242,0.014631820526603181,0.8137295111799892,0.7336677249697499
121,G35,446977,76.0,0.0016217608003709783,0.0016671904214833617,0.6344511983638434,0.5196062203344459
122,G37,448560,25.0,0.0005802886275750195,0.0006105462767566911,0.631683815086894,0.5431070039127381
123,G40,442639,539.0,0.008679246413587593,0.009274662896329033,0.7549159581169146,0.6232997638610461
124,G41,448947,60.0,0.0012273143222725222,0.0013130073462153148,0.8097493727077564,0.6511341570001656
125,G43,424798,989.0,0.01619846757814502,0.01647004924773013,0.6449972261647587,0.5888334558706635
126,G44,443647,190.0,0.0037335563046858766,0.0038043263216507705,0.6721845279486541,0.5386806031036298
127,G45,441752,788.0,0.013250422824658464,0.013102243743166772,0.6704830759691838,0.6433716451616364
128,G46,448968,34.0,0.000780078471644842,0.0011612525241092918,0.717296810824282,0.6368900944171277
129,G47,432357,1372.0,0.02011996877590886,0.021200677956016056,0.7450623970698892,0.6065386010978784
130,G50,446305,151.0,0.003050175368872394,0.0031620038101154552,0.6451995742746388,0.5577378665941588
131,G51,446113,217.0,0.004115640089413926,0.004246770271297615,0.6715932251441905,0.560404509195548
132,G53,448960,54.0,0.0011991451316282528,0.0012222928835136382,0.7366197963410964,0.6593364386605065
133,G54,447979,96.0,0.0019711008505883696,0.0020547279740358287,0.689765170256518,0.5206659021440867
134,G55,441971,1203.0,0.018239119838363935,0.01883359764953066,0.707680589384013,0.5780040311411105
135,G56,427052,969.0,0.01705963328699119,0.016587726685776936,0.6654574757665968,0.4906201904338338
136,G57,444345,165.0,0.003427564443634535,0.0034493779657981025,0.6853478319600163,0.6107660285142387
137,G58,446712,102.0,0.002110951388778337,0.0021995022252605297,0.6534782836804143,0.5147671060990617
138,G60,448744,52.0,0.001098451139479734,0.0011494692648596093,0.764049641042099,0.6579664849761597
139,G61,448588,51.0,0.0011524192822682591,0.0011452965592965946,0.5831806473918889,0.6006741875011775
140,G62,445669,852.0,0.012616790585239507,0.013790626990090656,0.781893202143022,0.6119282953845628
141,G63,448237,325.0,0.004765469517408499,0.006130130850757005,0.9423593027201772,0.6473763184251851
142,G70,448762,70.0,0.0015192596361142546,0.0015047826834057678,0.6560510168604363,0.6773324622298974
143,G72,448841,65.0,0.0013918358070645854,0.001417354460033802,0.7044914132251691,0.6173582057726932
144,G81,446508,854.0,0.013498436206364275,0.013582469194440772,0.7814684468829323,0.6714285764208398
145,G82,448685,71.0,0.00143463459717978,0.0015528979006624707,0.7723032322966317,0.5449046757283167
146,G83,448097,188.0,0.003588445081339985,0.0037254825485501285,0.7536132850028475,0.6242079745681625
147,G90,448659,76.0,0.0015331877239616674,0.0016406107269934284,0.7592585987431535,0.5971722565688424
148,G91,448497,224.0,0.004284273493095739,0.004317087302090473,0.6664895152380039,0.5893519356906554
149,G93,444348,821.0,0.01360247156487731,0.013540219432111523,0.6584060385383781,0.5902789508944204
150,G94,449061,31.0,0.0007675611551359895,0.0007637676654008756,0.5879938333023227,0.4366075116757053
151,G95,447798,191.0,0.003448238381214475,0.003734981592285314,0.7704333984923222,0.6209775375947137
152,G96,448689,79.0,0.001672682937429539,0.0017131373108521632,0.6735392643210999,0.5464713648544209
153,G97,448814,28.0,0.0006527398085402556,0.0006830449359558486,0.7045016205623933,0.4470787381322692
154,G98,447356,27.0,0.0006174695717633205,0.0006749329668805463,0.7119321738751734,0.5209116945411708
155,G99,447505,394.0,0.0068454292982992266,0.007061878517838725,0.7591007675934888,0.596280469741516
156,H00,437521,102.0,0.0036794123961264,0.003065011400703922,0.48424584513551844,0.43752827694395763
157,H01,444094,347.0,0.006534344961261087,0.006391040251839979,0.6802216738126391,0.6550412527365773
158,H02,434667,1218.0,0.019253148215006295,0.01905971322531867,0.6850082572313466,0.658928210261239
159,H04,435716,715.0,0.01294665577915379,0.012716009267801096,0.667089015453272,0.5683673502687712
160,H05,448121,83.0,0.0017833522888761933,0.0017845083476154243,0.5783814486045369,0.5341621867594385
161,H10,427621,112.0,0.0038264586384746395,0.004209863721838097,0.6029893418283926,0.35550823199043763
162,H11,441615,220.0,0.005378330506638602,0.0048904443604751435,0.5473431239180737,0.43407292375722006
163,H15,447947,30.0,0.000743457974960387,0.0007642959776170931,0.5865029681838377,0.37627748742140477
164,H16,447669,118.0,0.002447131003285999,0.0024148300662282913,0.6295368610391112,0.6175281169546856
165,H17,448716,84.0,0.0017301805674867679,0.0021951993149575745,0.7387966163167776,0.6670403157875073
166,H18,445937,1620.0,0.024222482271878173,0.023658172606130134,0.7088235836348294,0.739413474035902
167,H19,448980,25.0,0.0005850985474364395,0.0006095266405633718,0.6878451069706317,0.5201159581695269
168,H20,446620,157.0,0.003114693814578059,0.0031759688093105135,0.6418424042984938,0.4878469897242289
169,H21,448198,302.0,0.0054225299942025915,0.005522784862248402,0.7575836217359824,0.6810265172721625
170,H25,427742,8170.0,0.08981605332302403,0.08919659135179363,0.7373576238983921,0.7258310246236706
171,H26,413862,8723.0,0.0982263848817315,0.09702220578343199,0.7480538191183179,0.7051052083254348
172,H27,448652,138.0,0.002696375789336941,0.002788699280459758,0.8067685250869975,0.647100226235001
173,H31,448423,212.0,0.003920343357703281,0.004102688073463833,0.7443735804939915,0.6343077477028909
174,H33,442693,518.0,0.009184924157917442,0.009093587940890364,0.5771934057974653,0.5332836323954094
175,H34,447056,271.0,0.005079203166418397,0.0050065036345472574,0.6814720024949055,0.6685767488403311
176,H35,436681,3042.0,0.039598636376865504,0.03973403695400982,0.7199105775211795,0.711128686484916
177,H36,445881,890.0,0.011137835504386752,0.014245348698547548,0.9391691737030208,0.6608516220716899
178,H40,433924,2182.0,0.031360469454236026,0.030846576892734956,0.6446051217886895,0.6644415337908824
179,H43,439518,772.0,0.013396332956472325,0.013095904134341444,0.5742292007137912,0.5042049849725981
180,H44,447310,152.0,0.0029864186997248937,0.0030601894893689326,0.6475224317272995,0.5696881383149393
181,H46,448674,43.0,0.0009728162968311949,0.0009971402799091112,0.6889380214215516,0.5370842915239866
182,H47,447891,216.0,0.004085957928191042,0.004166676974314918,0.6391400631658631,0.6076357838544414
183,H49,448527,143.0,0.0028503827965949053,0.0029773237000032906,0.672139539735172,0.5806054148267519
184,H50,446837,156.0,0.003156361156263905,0.0031082412117256096,0.633518290084721,0.6065682722925252
185,H52,440949,4679.0,0.06020306389599034,0.060084305930168946,0.691830589027474,0.7028297728201467
186,H53,438716,1441.0,0.021641341222077646,0.02190489760716718,0.6502900355495606,0.6154426519580943
187,H54,446368,619.0,0.009669903579280286,0.010315346327210395,0.7799518782767518,0.6572292521268707
188,H55,448615,147.0,0.002920193818680146,0.002994022374158637,0.687332745026621,0.6015589490788869
189,H57,441980,323.0,0.006156059309386472,0.006209394249561883,0.5823172593393732,0.43870185366029146
190,H58,448991,44.0,0.0009285912411390654,0.0010182287816845337,0.7926366131090185,0.5849073448030007
191,H59,448726,152.0,0.0027977002107089726,0.003067586430040584,0.798513917964131,0.6192109680665256
192,H60,429295,96.0,0.00451077464109642,0.004037090630795494,0.5542559730451376,0.49144542605333813
193,H61,422808,169.0,0.008787412381140777,0.006865308237897517,0.5336092571680244,0.4382098667696469
194,H65,443683,37.0,0.0012145668350524487,0.0012358713798836006,0.6071145292247252,0.44275783675102054
195,H66,439862,54.0,0.0019196033433784869,0.001862266322664253,0.571593067210473,0.45879005619960767
196,H69,446663,25.0,0.0009811809198573926,0.000910038741054307,0.5808353968986069,0.45929911919720223
197,H70,448909,25.0,0.0005691301631485988,0.0006197719936152472,0.7396608032364708,0.5550574313185589
198,H71,448505,36.0,0.0007949333108873776,0.0008584392173522427,0.7024428605371211,0.48157688838148355
199,H72,447212,50.0,0.001183662581226684,0.0012490348646384752,0.6072857711522894,0.4987911987154544
200,H74,448300,40.0,0.0008680333614339304,0.0009375350747705116,0.714209666265114,0.4788644703966448
201,H81,437957,657.0,0.012032664077759745,0.011445057909807502,0.603932165032347,0.5552026827832753
202,H83,438078,169.0,0.004586619330743302,0.004225400181373529,0.5693400932330095,0.44900162378714736
203,H90,442167,710.0,0.011833518803799563,0.011818483753038457,0.6277602922869332,0.6208962434795382
204,H91,435306,3074.0,0.03971450240521683,0.04007605766108225,0.7284765791156302,0.7174778802915944
205,H92,434244,83.0,0.0029712102098053152,0.0031754185596561107,0.5737347921262788,0.4548443288888196
206,H93,432512,411.0,0.008263668743646948,0.008088172459838795,0.5717658428409582,0.4916428393602737
207,I05,448618,146.0,0.0027548004996124425,0.002882387337406941,0.7939813197054866,0.6686330671794662
208,I07,448150,458.0,0.007767140813446888,0.007921561687955795,0.7799365129067406,0.6793739385393897
209,I08,444810,2393.0,0.03203777466442415,0.03238833431224498,0.7844119355788024,0.7175791641402323
210,I10,289914,10527.0,0.15873993846858242,0.15711360191805746,0.6689372993283829,0.5345564143917161
211,I11,448855,208.0,0.0036589479434608048,0.003940322532978937,0.8385040937615679,0.6915617582934399
212,I12,447875,51.0,0.001014590135432688,0.00136971887931496,0.82529235925318,0.4875340119612817
213,I13,449096,57.0,0.0011556939754823266,0.0012793258704531857,0.9425731903175839,0.7321167703832859
214,I15,448961,29.0,0.0006145919856976748,0.0006962342969251776,0.8355620711469396,0.5086204208178982
215,I20,421677,2537.0,0.03414287707189792,0.036363149300454506,0.7387955274863263,0.6203738964983558
216,I21,433394,2405.0,0.0333910833246996,0.033430340916803525,0.6864219566669049,0.665900912550363
217,I22,448543,32.0,0.0007608422192416656,0.0008263162686533363,0.7375429825021014,0.48351085592103654
218,I24,445806,734.0,0.011826694115978066,0.01195953638613534,0.725526619934451,0.6556856345883209
219,I25,413402,6052.0,0.07100295870464607,0.07373962067578578,0.7392597849447013,0.6733913608348773
220,I26,442137,1972.0,0.028289663030470185,0.02838505363623998,0.6994027761671247,0.6328649385790672
221,I27,447817,700.0,0.010520995450769594,0.011347758315639557,0.8520656306323147,0.6914184973635855
222,I28,449060,39.0,0.0009081056539549424,0.000995828804073191,0.7368387316017828,0.5079634788367788
223,I30,448559,37.0,0.0008817451410982818,0.0008526415028282847,0.5352009308169765,0.6057493699727526
224,I31,447149,736.0,0.012214937949626982,0.012138167160580759,0.7175813746731312,0.6396761595131395
225,I33,448809,110.0,0.0022311385834948307,0.0022156462027717702,0.8232511914749897,0.7165377822630234
226,I34,444164,1501.0,0.021540080476159136,0.022069778635210053,0.738377263976127,0.6744153803450034
227,I35,443942,1705.0,0.023170360364766284,0.023854795149264932,0.7809185613555216,0.7345330744053674
228,I36,448839,215.0,0.00410590663882554,0.004160888151286839,0.7897308731940644,0.6691118921153841
229,I37,448695,364.0,0.006994944554653739,0.006774849022384319,0.7460352647123136,0.6802411562042281
230,I38,448510,157.0,0.0028327190776212476,0.003086022986652902,0.8190711478888882,0.6706958721574892
231,I42,446747,528.0,0.00857203704517389,0.009052782702941188,0.7484313420940811,0.626989591569624
232,I43,449080,34.0,0.0007724343490801802,0.0007577130017114432,0.8419181344188241,0.7655970854289524
233,I44,441407,2833.0,0.036041578642719306,0.036805336203834464,0.7577612709241995,0.7267331709998468
234,I45,444216,1743.0,0.024073366397288482,0.02452179702639251,0.759472271685065,0.7252744662480833
235,I46,448180,579.0,0.009939916450616242,0.009670506040802348,0.7323092744606433,0.676940014954952
236,I47,443137,975.0,0.014980029301156519,0.015367006204515471,0.70039882354292,0.6530399520584114
237,I48,424275,6241.0,0.07094672131392367,0.07236543996542151,0.7481922734627721,0.7181826216188778
238,I49,438657,1664.0,0.023783504400483997,0.02430777615949615,0.7073858828094236,0.670051673426075
239,I50,439899,4134.0,0.048067639800042354,0.05044491210911283,0.8281144419399654,0.7239863425542092
240,I51,434296,4260.0,0.05137208994111646,0.05353514708479406,0.773317941074657,0.6858949763328036
241,I60,447797,197.0,0.0039008140741242383,0.003848610686341909,0.5758499249239033,0.5573998777461747
242,I61,448130,460.0,0.00789166747150761,0.007885347513286942,0.7115517107418994,0.6861881422748317
243,I62,448476,220.0,0.004023901832000009,0.004140436830632611,0.763384848471328,0.6911451877336328
244,I63,443378,1900.0,0.026538824174686785,0.026634674769717766,0.7183803013609071,0.6982265343853338
245,I64,442528,482.0,0.007863775861515066,0.008542941644227853,0.7634789815438182,0.6561808577477987
246,I65,447429,611.0,0.009678678959013809,0.00995383511762117,0.7846813769867261,0.7247089620418977
247,I66,449012,42.0,0.0009617809536318758,0.0009493387403253946,0.7178519192606994,0.6586130476423815
248,I67,443553,3244.0,0.03909013021265324,0.04155386887706322,0.8043704834413744,0.7276645509645578
249,I68,449069,64.0,0.0013588396973805857,0.0013594006931017802,0.8211935975100499,0.7406852547577423
250,I69,447153,633.0,0.008846130815918422,0.010338881324449522,0.9107802197623354,0.7057455716165696
251,I70,447086,953.0,0.013891450292711454,0.014704201509320995,0.8294696181408961,0.723530082688017
252,I71,446411,930.0,0.013815165656210637,0.014214406828998341,0.7865619107417371,0.7391119802775461
253,I72,448094,281.0,0.00505770121207652,0.005162414924955467,0.7318134143006583,0.662893620289983
254,I73,439496,1452.0,0.02041353322795613,0.021630041648541536,0.7584571873580357,0.6659384560485301
255,I74,447918,286.0,0.004943575918390214,0.00520433912188154,0.7923376385472483,0.6788965175502555
256,I77,446927,531.0,0.008488757107123664,0.009020028485668071,0.7856082058089708,0.659086071703219
257,I78,446607,145.0,0.002898237595700085,0.0029805756933892966,0.713740560072379,0.5884259756284622
258,I79,449056,30.0,0.0005921350899390537,0.0006991276168616358,0.9440599950411187,0.689067522444877
259,I80,434805,1105.0,0.017426141441892404,0.017603664058070668,0.649709390001012,0.6094968048268243
260,I81,448971,95.0,0.0019971169653856344,0.0020042387087290357,0.7482819777680952,0.6283485041701823
261,I82,448370,191.0,0.0037750583480852967,0.0037288192925733154,0.6752222422723326,0.587981523463144
262,I83,428007,993.0,0.01698573855494503,0.016661655653304786,0.6234147811913179,0.5272002680635016
263,I85,448517,154.0,0.002719881307166525,0.0030727859307930357,0.8300398395884643,0.6276039205362097
264,I86,447340,123.0,0.0023685095380882185,0.002498200108278998,0.7115629158111727,0.6395514947173478
265,I87,447720,353.0,0.006215044704211486,0.006382814927614857,0.7337339172531129,0.6186352433636075
266,I89,447272,573.0,0.008998582868462515,0.009704227502092997,0.8096178194524458,0.6556007958273646
267,I95,437999,4689.0,0.054880610082175464,0.057754112743968605,0.7657807540096935,0.6814635183441813
268,I97,448887,35.0,0.0007037146292889843,0.0008088713602437535,0.8526139701155074,0.6438457283406175
269,I98,448866,112.0,0.001913996434792952,0.002533232024213881,0.8642722404702798,0.5543638508753443
270,I99,448667,57.0,0.0011737729675240038,0.001260832662226373,0.8242226573544715,0.6022694271623421
271,J00,444247,30.0,0.0012868940418817017,0.001178812515920215,0.4969657472211404,0.5442839122921155
272,J01,426570,28.0,0.002257422541734078,0.002583488679988279,0.4997267895909765,0.3964840256896491
273,J02,427198,187.0,0.0045434906184222915,0.004770949825585595,0.6263906500323471,0.5182478861864033
274,J03,429316,35.0,0.0011682532734713588,0.0011050497285004046,0.5327684130973818,0.5870907733762134
275,J04,444960,27.0,0.0009771392244635941,0.0010172376238073942,0.5685382842909931,0.4023288649951541
276,J06,402003,79.0,0.008919317728845718,0.007028928105524192,0.5532792332173386,0.47098451700485217
277,J10,447932,48.0,0.0016016183388960178,0.002063544926485565,0.7633303442781315,0.6156675984555524
278,J12,448542,2482.0,0.04622894895013043,0.043203830605046255,0.6889924467329188,0.5998071497917319
279,J13,448371,37.0,0.000886339118785062,0.0009222545203648494,0.6461259758199093,0.5122283350769257
280,J14,448987,31.0,0.0007295722683532816,0.0007448638511478346,0.6675804353555446,0.6004469796451064
281,J15,448310,259.0,0.004824842848138464,0.004810162172870628,0.7695218809076384,0.6641003636780903
282,J17,448973,60.0,0.0013143373800619767,0.001324228993158875,0.8340191380809496,0.6484780458574378
283,J18,427773,5057.0,0.05897190923146928,0.061694650520034866,0.7591268234019871,0.688449252776245
284,J20,444424,29.0,0.0013894001143032097,0.0011648643654623618,0.7614112716591445,0.4175985871531656
285,J22,397012,1727.0,0.03399123578725408,0.03116063556601144,0.7072455824625126,0.5555070821453805
286,J30,402057,858.0,0.015541705956161255,0.015381412479369772,0.5448681156322501,0.4944660213759837
287,J31,443003,227.0,0.004656560897426635,0.0045252179576048155,0.6003017734964724,0.5292847184232693
288,J32,436889,364.0,0.006836730917105697,0.006943731083182329,0.5871975473126609,0.4832869610201951
289,J33,442279,185.0,0.003818242248601364,0.003824830216070661,0.635804871631189,0.5591208192363151
290,J34,432705,359.0,0.007241898739454185,0.007178242072196323,0.6078825504028955,0.5078517467703927
291,J35,447376,82.0,0.001794376355457231,0.0017722948674169943,0.5326524067162897,0.5176391323129318
292,J36,448249,25.0,0.0006554517493179951,0.0006164964685628087,0.4802940940244163,0.5355992539444563
293,J38,445872,274.0,0.004959819916319986,0.00515439135093484,0.6882997065241254,0.5789855946227334
294,J39,447574,172.0,0.0032600690246146233,0.0034209199647479024,0.6842247082198486,0.5175724139354203
295,J40,440350,105.0,0.0024160225195411305,0.0025352258459435863,0.7173213940938731,0.5155309300178634
296,J42,448652,74.0,0.0014063495048140674,0.0015832314879473024,0.8808107342927374,0.6861341448587145
297,J43,446410,1090.0,0.014753447659809788,0.01680600899475028,0.8649949072803641,0.6662558951526044
298,J44,431606,2650.0,0.03240750261274223,0.036577450313995424,0.8368993921529887,0.6582602349856175
299,J45,385519,1950.0,0.03152558719139553,0.03181275730679975,0.6312191561696084,0.5148227126720957
300,J47,444819,1134.0,0.016224655249448237,0.017284463337634892,0.7795158707600343,0.6778346050400924
301,J61,199814,84.0,0.0033137850673456435,0.003543930700192386,0.8555310383303173,0.7723658784597303
302,J67,448981,40.0,0.000874904523210492,0.000929450136342962,0.7430403995179767,0.5953476626104544
303,J69,448305,1061.0,0.01569830018384092,0.016176981444493626,0.8326172455958166,0.7203532874088698
304,J70,449068,38.0,0.0007725534430060212,0.0008804539367940239,0.8810322132972009,0.6250869124909014
305,J80,448996,55.0,0.0013210796480680517,0.001243007041909519,0.6956387466180513,0.5862088984764348
306,J81,448607,145.0,0.00263929316209791,0.002967904792312044,0.8176940528848098,0.6637788708965308
307,J82,448963,57.0,0.0012226950616729554,0.0013221311852977798,0.7442232465187687,0.480572105862666
308,J84,447241,941.0,0.01384624841322356,0.014474874831393118,0.7997778082298116,0.7180415700423103
309,J85,448995,43.0,0.001005818989540874,0.0009805264883965942,0.716835916990349,0.5960423282418548
310,J86,448693,103.0,0.0023229367504423288,0.0021104898820433564,0.6903054056972906,0.6909347779460865
311,J90,441804,3543.0,0.044872524776154644,0.0453756729725044,0.7589524509146808,0.6821933825323614
312,J91,448988,72.0,0.0015518587978503111,0.001547136295354935,0.7466176238365801,0.6882910413331472
313,J92,447705,494.0,0.007519890283765403,0.007735492537648301,0.8606122867651247,0.8332056767993754
314,J93,446739,417.0,0.007314605185603046,0.007346333706228123,0.7227700034441911,0.6575700575222132
315,J94,448728,174.0,0.0034536333829030047,0.0033503099272045537,0.7324215926231206,0.6961270030456488
316,J95,448756,85.0,0.0017816673894990366,0.0018202655878613364,0.7361383363966287,0.6288932267545183
317,J96,446161,2139.0,0.03043195704624665,0.03025545846685041,0.775725542591066,0.6514913864969467
318,J98,434391,3680.0,0.04730527097357551,0.0482221477487552,0.6957899627012081,0.640648942337811
319,J99,448835,82.0,0.001557360279806021,0.0020865122354921787,0.8955695954855495,0.6284973405708056
320,K01,446507,83.0,0.0018246209369294426,0.0017664521906649272,0.5398449882536436,0.6535610616218976
321,K02,443876,457.0,0.008152446981307768,0.00815551053196528,0.6156301637894952,0.4968905138218228
322,K04,441800,260.0,0.005235571139740767,0.005108291823917115,0.5830170234598485,0.516117125898516
323,K05,447253,106.0,0.002254775179080521,0.00224353748000989,0.5885972727469515,0.46251343581197873
324,K06,448475,86.0,0.0018375242423101842,0.0018390076159455228,0.6008457824230383,0.5418435725997262
325,K07,446683,85.0,0.0019282708593508595,0.0018585896160540263,0.6099986354355266,0.5441985067239046
326,K08,444872,523.0,0.009023076176067141,0.009138499262118759,0.6182425737590628,0.5160930704706312
327,K09,448303,51.0,0.001180351744689622,0.0011621775964713345,0.5481478555567395,0.4887699942241872
328,K10,447486,116.0,0.002320027386575897,0.002412794829465754,0.7093916996114457,0.5327494290385264
329,K11,446047,179.0,0.0035987308899504277,0.003573313707696342,0.5943688497028933,0.49523764279660293
330,K12,445788,356.0,0.006143844361218947,0.006638084675031769,0.7007992499794669,0.5103003811626072
331,K13,442459,394.0,0.007797333243701206,0.0073401078614331716,0.6022486586802673,0.5257271667045312
332,K14,445779,242.0,0.004640275263754669,0.004664444326887895,0.6328256270634285,0.5263081034146981
333,K20,433862,1175.0,0.0179134364992683,0.018855402861641456,0.702053127785507,0.5653185445977877
334,K21,384944,6846.0,0.08619501103410784,0.0890907566334942,0.6692747121253508,0.5609599157677646
335,K22,431675,2395.0,0.03337482365363965,0.03404402764940891,0.6733635078243358,0.5972339245321778
336,K25,439210,904.0,0.014483082419521362,0.014696852208183318,0.6633523099532557,0.6042073464636921
337,K26,441591,444.0,0.007686572888915028,0.00786094756456739,0.7123915273936694,0.6526917178247686
338,K27,447633,76.0,0.0015226966859893825,0.0016652810534704425,0.7889934307691241,0.5722179109676474
339,K29,399240,5307.0,0.06856907667689585,0.07030869101093001,0.6633669563067681,0.5625015904805479
340,K30,431196,521.0,0.01008611729347319,0.010380657474120694,0.6240150359872302,0.49512413168321345
341,K31,434171,3193.0,0.04105830391410808,0.043239417686714056,0.7299308527446435,0.6033826022515013
342,K35,444578,438.0,0.007890019762262054,0.00787078128919263,0.5436119169713445,0.4874824708692578
343,K37,442007,53.0,0.0012467389414620726,0.0014524969850493342,0.5021075573390589,0.4689464821789273
344,K38,448641,105.0,0.002268501155057388,0.0022430575111996006,0.5649891881057272,0.5575057626632083
345,K40,422823,1931.0,0.028817221615216458,0.02698428718392395,0.7810783624478373,0.7607875403560191
346,K41,447843,146.0,0.0029254153304528723,0.002921914820929113,0.6557317110970449,0.6167320969071517
347,K42,441800,702.0,0.01137048409282512,0.01167123254719727,0.7138430688871862,0.626451491505289
348,K43,443139,591.0,0.009158459479176756,0.01014848491419966,0.7902382594704191,0.5838494970985357
349,K44,402648,5485.0,0.07021817048133809,0.07142847212764115,0.6584100205640133,0.5889005586617158
350,K45,448919,40.0,0.0009087610813656062,0.0009344764850049805,0.6985743652521059,0.5244229513967016
351,K46,447173,249.0,0.00456686707836159,0.005127914317748232,0.7251413670361966,0.6381957918220034
352,K50,446369,201.0,0.003670426834865472,0.00398821176792845,0.7574179328831449,0.5116562968806967
353,K51,443720,362.0,0.006352484655506704,0.00664914160040331,0.706736155551583,0.5168384121892042
354,K52,425376,1837.0,0.027204039090780785,0.027897426894981824,0.6623106106099584,0.5214291148353835
355,K55,447171,734.0,0.01170859214448491,0.011977256232157446,0.7283380769880057,0.6601935296606014
356,K56,442702,1609.0,0.023288766270417708,0.02367684698751634,0.6963908015564766,0.6346338549088997
357,K57,395562,8875.0,0.10698861300748223,0.10611353778748847,0.6206752126232895,0.6007387882990272
358,K58,417609,1299.0,0.020139987598293777,0.020893178645636452,0.7151009069768341,0.5868709915918973
359,K59,425099,5978.0,0.07010211396027402,0.07261160985879134,0.7160278149445315,0.646062932275421
360,K60,442948,250.0,0.0046330781276707365,0.0047969960952169615,0.7106246199440702,0.5671232668771939
361,K61,446322,122.0,0.0025107340084097687,0.002501341102998738,0.6567143951473647,0.6158982041428163
362,K62,409240,3193.0,0.04528404627980149,0.04554432817286526,0.6320390793001087,0.5565904332885561
363,K63,420524,5128.0,0.06510788365228548,0.06555269713014297,0.6245680084957445,0.5892663315187963
364,K64,408599,5709.0,0.07481838656877286,0.07477997370221956,0.6081560941152703,0.5507770415500505
365,K65,446611,295.0,0.005516863779902071,0.005462913598387513,0.7199403561602095,0.603869550661149
366,K66,442688,1565.0,0.02412407935608127,0.02380896521270812,0.6495593366448494,0.5544393445022278
367,K70,448001,297.0,0.004739829104697956,0.0055373642897014776,0.8527794089962398,0.6100764192382762
368,K71,449000,34.0,0.0008301047849844855,0.0008072957312554947,0.606730995744208,0.6130428191732584
369,K72,448792,237.0,0.004070100134267491,0.004493217311810981,0.8456647687297049,0.635157164541535
370,K74,447597,451.0,0.00715883282085589,0.00791178679713455,0.8176437964185035,0.6189670952080086
371,K75,446753,292.0,0.005111365292881019,0.005443582670072793,0.7230006867095694,0.5734738776520478
372,K76,439207,3223.0,0.04260110618547317,0.04466202575682907,0.686928493474761,0.5537431750776759
373,K80,421646,2827.0,0.039155430216582694,0.040091597953120645,0.6538393243318978,0.5579529450234655
374,K81,444033,587.0,0.009858615763199945,0.010045960085498429,0.6632612756123923,0.571651120758969
375,K82,445564,589.0,0.010285423297763907,0.010176920922260116,0.607396953206295,0.5269535105795131
376,K83,446049,1025.0,0.015838157394416845,0.01605953211635297,0.7085456975080106,0.6354927276051541
377,K85,445650,540.0,0.009235787902215678,0.009359627469892471,0.6636071690976096,0.553518221047315
378,K86,447117,712.0,0.01159492212372763,0.011715172310746884,0.7191141379905308,0.6482885810977561
379,K90,444418,360.0,0.006546526343479977,0.006690391090061571,0.653259418439333,0.5560477241211232
380,K91,446859,452.0,0.00768258925548753,0.00791853504421134,0.7252969709514063,0.6094794918189561
381,K92,430604,3093.0,0.041459989131189985,0.042434435164668806,0.6659194422590275,0.5849748081611198
382,L02,437968,407.0,0.007586201915962574,0.007645796873679301,0.6239211535810182,0.4940560032101554
383,L03,422772,1741.0,0.026985746569414125,0.02708321143232137,0.6951228667333726,0.610650610436168
384,L05,447703,31.0,0.0007342510801097963,0.0007280274294117131,0.6590079776149473,0.6293391864089434
385,L08,435996,585.0,0.010113216764614297,0.010589676477179523,0.6846862362306392,0.49590016796587144
386,L12,448986,47.0,0.001030478464329519,0.001041730302858155,0.743133183094154,0.7229943052965591
387,L20,436677,43.0,0.002006326010977817,0.001999777722917769,0.45646971530943214,0.4576213903166837
388,L21,440167,47.0,0.0017962516911496306,0.0018610138346138593,0.5411907729226652,0.4740588640235448
389,L23,447772,38.0,0.0008897538461364814,0.0008959243571182406,0.6102033267873102,0.5221816383929085
390,L24,448516,530.0,0.009396774247315347,0.009505592243589083,0.8209969520610861,0.7177875946931966
391,L25,446142,44.0,0.001214881573635231,0.0011626892321390692,0.586783366801995,0.4388088237032303
392,L27,448196,171.0,0.0032343803533676704,0.0033698119536017747,0.7245744954055992,0.619057899011614
393,L28,447644,65.0,0.00152469628718256,0.0014815360484001926,0.5820073190345254,0.466767929408938
394,L29,438102,222.0,0.005018971734249078,0.005108157707028881,0.653019369739704,0.4510509224626106
395,L30,405124,874.0,0.017960321140043593,0.01675225332827437,0.5477856555561688,0.4453804259377976
396,L40,435701,606.0,0.010601037384626824,0.01055421795457794,0.556704017486868,0.5004020270676443
397,L43,446829,164.0,0.003380109289332186,0.003280502763381705,0.6680121417453414,0.5873198402906309
398,L50,439074,93.0,0.002758039587489911,0.0026134770448704965,0.5635760486657847,0.48807914948091047
399,L53,447979,305.0,0.005521574240995369,0.005649795844327662,0.7076206141515302,0.6072057118261627
400,L57,431703,999.0,0.019099796902653066,0.017250386766077038,0.6787193690960547,0.5654382755373226
401,L60,439142,101.0,0.0031698247936961794,0.0030504985487882726,0.6061499680412806,0.39008815365605237
402,L65,446017,55.0,0.0014796890146647607,0.0013999332213815818,0.6832982304648052,0.6123588393793029
403,L71,443538,186.0,0.0040943691752635646,0.003809493500317351,0.5384440276780973,0.4733776974610043
404,L72,434959,586.0,0.011465135063102308,0.010656320605690921,0.535955198819429,0.47126147987705225
405,L73,445694,68.0,0.001641948623502365,0.0016329798895130822,0.6454033202730541,0.5146388253299192
406,L80,448037,29.0,0.0007267588884435317,0.0007112649288841268,0.5601899658195759,0.5168311341730966
407,L81,444847,195.0,0.004238600064859577,0.003976182101366082,0.588121330031183,0.481640623828672
408,L82,421689,729.0,0.01854137925160739,0.01503472602266924,0.5675652626774048,0.4484262260433921
409,L83,448960,33.0,0.0007829573014009755,0.0007892083062050713,0.5832104308515841,0.5430920097625375
410,L84,445775,48.0,0.0013548182505079842,0.0014897056363233024,0.6431016771476711,0.5367708494586747
411,L85,445940,285.0,0.005427637706601157,0.005351060306017504,0.6516593927290543,0.6111362518445647
412,L89,447493,1579.0,0.02220429753482961,0.022531545408738037,0.8485882060321568,0.7289241751029258
413,L90,443605,371.0,0.007027547593767868,0.006808228924843878,0.6786251564356549,0.5821960124571778
414,L91,444426,78.0,0.0021997530769556992,0.0020054924888290035,0.6020711734831075,0.4840723129226734
415,L92,447488,71.0,0.0016230851714907602,0.0015903148986008465,0.5350862621242489,0.5194955665236769
416,L93,448730,45.0,0.0008765158468166109,0.0010727257915264677,0.8417426974875963,0.6126426978590523
417,L95,448891,43.0,0.0009389392814808171,0.0009826025922529769,0.7219628761256724,0.5597523458503382
418,L97,447253,834.0,0.012232180664368247,0.01311964443138235,0.8745270121133365,0.7114485115855848
419,L98,407213,1694.0,0.03269283501288674,0.028619280016741026,0.6339290902078454,0.4449548368778473
420,M00,448424,111.0,0.0022712415080343965,0.0022791595946173356,0.7209007449609439,0.6291663021871603
421,M05,448122,206.0,0.003354154925705686,0.004702205582048539,0.8673836761781875,0.6657146489932189
422,M06,439235,1069.0,0.016054769101214197,0.016872349541404236,0.7468320693217546,0.6175602053541249
423,M07,447893,195.0,0.0034963565975395516,0.003837606014901047,0.7930813021735921,0.5010314187299566
424,M10,433490,1353.0,0.01979649080525704,0.020327623916536478,0.771243794617903,0.7099143836056029
425,M11,448253,166.0,0.0031047815160119667,0.003190632388831974,0.7834795609426214,0.7079143959807075
426,M12,448496,34.0,0.0007563941634796712,0.0008577150394270336,0.7591615080771483,0.4462151950968631
427,M13,413608,4267.0,0.05505273867022209,0.05650097611018319,0.7136161844276552,0.6316976619408092
428,M14,448954,29.0,0.0005718009963080261,0.0006843287270480367,0.9088907793138014,0.614583727794175
429,M15,437304,2099.0,0.02767798863227987,0.02986205968063287,0.7896990618873412,0.6356091543963562
430,M16,428159,3096.0,0.043787461109641344,0.042165615955535675,0.651904932548044,0.6302133858789415
431,M17,411918,3827.0,0.051884030188374834,0.052403594140764696,0.706330418343029,0.5978165573423032
432,M18,446692,281.0,0.005122294721310025,0.005922831233061306,0.7474392782847264,0.6216869225510082
433,M19,377778,6329.0,0.08047706989449707,0.08403926713166997,0.7113207391372439,0.6122776926061438
434,M20,429432,487.0,0.011468195276379926,0.009999670054038744,0.6349002206669949,0.5877518125448085
435,M21,444487,727.0,0.011654450284049886,0.012014021725826341,0.7142742948280654,0.6053133576050997
436,M22,446035,47.0,0.0010634636052788398,0.0011248828415929863,0.6950850123054546,0.5886421378764318
437,M23,427608,386.0,0.008013412943252767,0.00854293269371898,0.6946474152339722,0.5911394509117258
438,M24,444446,325.0,0.005865936221514041,0.006028637295731575,0.6820851663259477,0.5302716844491271
439,M25,369431,2824.0,0.04727431897206823,0.046667830496156054,0.6413901516727112,0.4203853551105675
440,M31,447749,312.0,0.0055635491751427416,0.005646349901489859,0.7121404371324471,0.6675783334745937
441,M32,448264,50.0,0.001009224284152256,0.001186195420881509,0.8627481738633778,0.5811489600949546
442,M34,248660,33.0,0.001279325031143166,0.0013312951995201278,0.736847310885931,0.40670306779377796
443,M35,443775,1077.0,0.016600121217188218,0.016548783433809888,0.7087843058126995,0.6782664859699896
444,M40,448494,231.0,0.004058542739717579,0.004324899326264641,0.8115602464087617,0.6902904567088316
445,M41,445793,683.0,0.010593177168567622,0.01104243557592484,0.788783298109178,0.7118692031742495
446,M43,443735,729.0,0.011475721522064818,0.011951388786016016,0.7425093862582546,0.6506465474892205
447,M45,447384,115.0,0.002325595946123809,0.002388681057527191,0.7169181915328262,0.5476335756315114
448,M46,445184,563.0,0.009142277314650319,0.009606717057392635,0.7535285934927003,0.6179407341889918
449,M47,420688,3200.0,0.04192322818854016,0.0439194602732359,0.7282275205365185,0.6377773006349883
450,M48,436543,2041.0,0.027955213002581303,0.029145853609623563,0.7418896078115782,0.6458541714454062
451,M49,449038,94.0,0.0019453029675408795,0.0020031709658592327,0.7843362613391387,0.6063771375930505
452,M50,445142,536.0,0.009056945472038695,0.009356866198399207,0.7274843243734634,0.5279076079166118
453,M51,425258,1954.0,0.02835457767017973,0.029071292544513277,0.6829456160448465,0.5965436003937713
454,M53,443297,111.0,0.0025842579158552536,0.002594330273516471,0.7278875507621452,0.5065178437881998
455,M54,380341,4045.0,0.057315888301456494,0.05860764795762557,0.6754928010411182,0.5779510461782276
456,M60,448554,74.0,0.0015631543842478223,0.001588434515310371,0.6809020529403824,0.6160565326966281
457,M62,445069,422.0,0.007305253018834678,0.007439627268085863,0.6925168830608769,0.655499172425153
458,M65,431027,616.0,0.011360486120745437,0.011522344231945043,0.6360055295381064,0.49767574164313555
459,M66,447874,95.0,0.0020837688064243975,0.002050665224832224,0.5983724936678703,0.5110311936069026
460,M67,438032,260.0,0.005634552793512759,0.00553418808188251,0.6491067092177945,0.5576082193119144
461,M70,434348,237.0,0.006366552316275843,0.005965538036304161,0.6094211627435075,0.4229177196090751
462,M71,446028,261.0,0.004994291014836492,0.004973946371086852,0.6363012034180666,0.5604111195420572
463,M72,427229,546.0,0.013248251308153065,0.011115714734141658,0.5674594561150857,0.56747332921038
464,M75,418479,712.0,0.01593496747052109,0.01436101690782892,0.5963724473937315,0.49938123739906304
465,M76,441615,115.0,0.003166639127926904,0.0028650992251679154,0.6121718942340835,0.49499846373528983
466,M77,418820,141.0,0.004748368799342873,0.004846858716982187,0.6471002116264396,0.5819134207304741
467,M79,372923,3159.0,0.053219043009513634,0.05058735149977149,0.6302825374592171,0.44293513322918265
468,M80,447632,457.0,0.006926009508150938,0.0076379409724602705,0.85299959788896,0.7541918626280054
469,M81,430892,3167.0,0.040063694735665935,0.04070128957715973,0.7906639006944515,0.7419985998502183
470,M84,445906,347.0,0.006600820344662208,0.006383875137803154,0.6664235522733858,0.5739782709765493
471,M85,436700,1693.0,0.02473154748688273,0.02446436949475265,0.7309422050280441,0.6942941638251685
472,M86,447029,229.0,0.004021826603869546,0.0044101130062302075,0.7986871855367427,0.6710517244412474
473,M87,448238,133.0,0.002631395845108734,0.002694661715207105,0.7232246184915878,0.5931952122861912
474,M88,448679,27.0,0.0006447454375218573,0.0006395099459405979,0.6331210761058392,0.7003644827749034
475,M89,444069,327.0,0.006068884134217686,0.00610902684143903,0.6469923317013548,0.5357944136671312
476,M90,448903,206.0,0.0037547736024568703,0.003973626006977629,0.7897028636813768,0.649694013675975
477,M94,446572,178.0,0.0034466793107688484,0.003525599769310121,0.6863433688574506,0.5331074294573147
478,M96,448245,222.0,0.00392833985010956,0.004192945748014057,0.8309414033662565,0.666778640084698
479,M99,448736,98.0,0.0019237429047244154,0.0020747001612236534,0.8023577210697849,0.66096955947666
480,N02,447879,113.0,0.0022724605301596206,0.0023346439536539956,0.6979276944551357,0.6075391029741001
481,N04,448834,62.0,0.0013583045952058669,0.0013678654808973118,0.6576515037595065,0.5822633225924336
482,N05,448497,63.0,0.0012355831640480557,0.0013756796344043534,0.8496760614062157,0.6080861751629356
483,N08,448526,198.0,0.0030789654727736934,0.003827100512425352,0.9415188886329436,0.6395926879562744
484,N10,447779,67.0,0.0014329848094621674,0.001489374124721256,0.6911484841801286,0.4998918881221084
485,N11,448871,30.0,0.0006540471526674495,0.00071819492288607,0.7855684975303058,0.5348904177648655
486,N12,447007,353.0,0.006412464800425759,0.006482918914516996,0.6601821702753204,0.5518568910581723
487,N13,444870,1306.0,0.01940216494888865,0.01986360465355707,0.707062607372832,0.640977170779142
488,N15,448972,31.0,0.0007223093371113596,0.0007277394318901202,0.7559663526445137,0.6551321744914969
489,N17,439307,6074.0,0.06760712961697148,0.07082989039167956,0.7962268820326894,0.6963965325946954
490,N18,431412,4834.0,0.05489355439315177,0.0582972814728702,0.7853272294563949,0.7199846720448
491,N19,447025,233.0,0.0041119266692182,0.004470532926942804,0.7883765578967259,0.673725887907284
492,N20,438840,916.0,0.014746500813521168,0.014863438324859975,0.6383240577645644,0.5965370132717093
493,N21,447842,300.0,0.005071023946943965,0.005405859865740716,0.8147796482415803,0.7189018647039458
494,N23,444091,71.0,0.0015979485667534383,0.001721943868856131,0.6954794258093944,0.5514038195208819
495,N25,448967,26.0,0.0005616217668087868,0.0006326203005307978,0.8044820606031321,0.4883961538204523
496,N26,448886,117.0,0.002151852219318649,0.0024002909042954144,0.8673712988806055,0.6647044899063198
497,N28,442119,1905.0,0.026628024910921682,0.02740575784916268,0.7327924797062731,0.6583343138275852
498,N30,432362,568.0,0.010539602916433804,0.010605400644126687,0.6637794283195945,0.5107647775866258
499,N31,444928,97.0,0.0020599587118337154,0.002379437638381481,0.7792835003920289,0.44408986366581893
500,N32,432616,1921.0,0.02687524252140203,0.027613592669448073,0.7405866269956675,0.6846947066337141
501,N35,444318,534.0,0.008712099130501845,0.009020140151991414,0.740061526372009,0.684618950502019
502,N36,447742,131.0,0.0026206166501291112,0.0026850889272794394,0.6772025894007851,0.569837681611526
503,N39,405268,4239.0,0.05356750839125725,0.05659859610906109,0.7387474208091545,0.6723870338835253
504,N40,174324,3778.0,0.10285251900699752,0.10221619166328265,0.6665943925919318,0.6580462353599078
505,N41,196178,329.0,0.012265307125481297,0.01238856810925635,0.6307712391351187,0.5479888970972473
506,N42,197424,347.0,0.01266890558766975,0.012796373891281694,0.6622257272750177,0.5951244221033927
507,N43,197959,239.0,0.0094711534723804,0.009292792409044855,0.6202992143913416,0.5544165198746887
508,N45,197614,177.0,0.007118808531749014,0.007202963513695506,0.6506078646441722,0.577139817953515
509,N47,196661,312.0,0.011608109415207419,0.011751325234138658,0.6811196076687625,0.5827870630931762
510,N48,193850,381.0,0.014526709050406088,0.01440906280892475,0.6207277925757474,0.46974974349047954
511,N49,199767,40.0,0.0018741789678139065,0.0019095866050860535,0.6932383328243052,0.523775265737732
512,N50,190023,343.0,0.013815125532678333,0.013682302144973237,0.5838700794832604,0.45921421439576615
513,N60,237273,119.0,0.00452015412811129,0.004427541703366733,0.5882486705266791,0.596147608372477
514,N61,247162,42.0,0.0016790834009830257,0.0016711125473549695,0.598704022722718,0.46511734225901435
515,N62,447317,56.0,0.0012385659509889285,0.0012947069556118026,0.6879408379958395,0.6033834870147727
516,N63,434302,145.0,0.003267192604721608,0.003188201045499439,0.7183714726430205,0.6599847044049615
517,N64,236634,139.0,0.006346328896933364,0.005902593598359522,0.5447770733285462,0.4469500092857911
518,N70,247891,35.0,0.001382689507420147,0.0013744287290895852,0.6538464730673109,0.6423389848483451
519,N72,246986,34.0,0.0013488166445870234,0.0013484413929196158,0.6660170802423143,0.660883789276506
520,N73,244153,233.0,0.007494702998830667,0.0076127864176235745,0.6177803670238748,0.49229851094498017
521,N76,244254,53.0,0.002280047734693448,0.0024083387026988595,0.6217497293638329,0.4120165703275828
522,N77,248601,85.0,0.0030906326588254394,0.00310557179299562,0.8185416633134286,0.5929928052922145
523,N80,239471,148.0,0.005219554606155595,0.0051041461770564974,0.6523461846372725,0.6444579139963621
524,N81,230033,788.0,0.026917787946814497,0.02413476068947429,0.5743113290781381,0.4637102946518438
525,N82,248697,36.0,0.0014462880858103098,0.0014255642821526834,0.665460037293075,0.5499329408310913
526,N83,236767,560.0,0.016836888837349746,0.01668213340095363,0.540784441340495,0.5175131838054878
527,N84,231701,557.0,0.017449381044323625,0.01695685665996166,0.607071906367088,0.604157194616601
528,N85,241083,494.0,0.01477510440744387,0.014689843180322742,0.5835050007081979,0.5549319809483081
529,N87,241002,33.0,0.0013251267166666523,0.0013522993751765647,0.7633030754490362,0.7526038493320593
530,N88,245904,202.0,0.006688638906845371,0.006634945819318906,0.5953376286705194,0.5676587335008012
531,N89,237206,109.0,0.004786372618871593,0.005261376673989343,0.5550207976273249,0.47863588753768677
532,N90,242897,226.0,0.008024215119035442,0.00783706159424584,0.5350094886105858,0.483808890094579
533,N92,220222,56.0,0.002257274370832819,0.002072727072748199,0.9106207280610344,0.9040939158245531
534,N93,238453,118.0,0.004382622574945692,0.004427242937063496,0.6577750019289896,0.5412319506121742
535,N94,237203,89.0,0.0034378528802569298,0.003443705394914806,0.5562672266969104,0.5295600949735172
536,N95,213501,760.0,0.02627448573806371,0.024631645043957477,0.6021793395181045,0.6203733029463303
537,N99,447632,130.0,0.0025464476127075183,0.0026947145720751455,0.7176637371281194,0.5378648071362293
538,Q12,448873,27.0,0.0006783833307659757,0.0006459873204499665,0.5570417536593018,0.5742918754118587
539,Q21,448081,109.0,0.0021376188748679164,0.0022699266320693884,0.7214704277470816,0.5236024540196934
540,Q23,448556,100.0,0.0019707947546152445,0.0021102959929484673,0.7422411228749308,0.5759511412490856
541,Q24,448796,53.0,0.001181315442014257,0.0012193746142093963,0.6376234218022594,0.48081197797840247
542,Q27,448872,49.0,0.0011051863616877702,0.0011295769967617606,0.6611770095997573,0.5026564946947178
543,Q28,448919,26.0,0.0006367400597283889,0.0006226505608928186,0.5815999666872814,0.5649505904182408
544,Q38,448642,63.0,0.0013711391048514157,0.0013588953481682682,0.7037640765936115,0.7047707475001217
545,Q39,448932,57.0,0.0012449374298039177,0.0012668099829755415,0.7564486068973602,0.618865897687689
546,Q40,448971,49.0,0.001137012368051111,0.0011413815809856948,0.6805306798899387,0.5655386113618757
547,Q43,448677,75.0,0.0016185086360415134,0.0016192097765466533,0.6541020325366361,0.5967839346830077
548,Q54,199981,34.0,0.0016124336911296612,0.001686865833780021,0.6982554788783732,0.468730537121749
549,Q60,448881,44.0,0.0009975606326330445,0.001000055706644509,0.6681333697371814,0.6114124595140531
550,Q61,448322,46.0,0.0010095555810069516,0.001057724615895333,0.7301448505908821,0.5698247042679839
551,Q63,448575,67.0,0.0014927039020559548,0.0014631072797016782,0.5682207834958999,0.5805322163341169
552,Q66,448126,37.0,0.000847736083305378,0.0008702628053319217,0.7137750686956315,0.55876046704766
553,Q76,448431,37.0,0.000875672976657136,0.0008684129526985996,0.6105558528461155,0.4838014986578527
554,Q79,448887,25.0,0.0005701574229711465,0.0006036513302456277,0.7995193622984348,0.6105527311289438
555,C15,448683,58.0,0.0012835040061491042,0.0015207574930559695,0.674239774790788,0.6098671419375294
556,C16,448807,57.0,0.0012778017113852117,0.0013729616527298346,0.5812408933196501,0.6634985095049601
557,C17,448943,27.0,0.0006466937687663457,0.0007037768616924818,0.6286318351069886,0.6386200519902593
558,C18,445574,279.0,0.005413673872996463,0.005857391719096038,0.5326070418221001,0.6414376784815157
559,C20,447401,118.0,0.002496818905666384,0.002616551201765666,0.5521566427988923,0.6619570887835506
560,C22,448969,57.0,0.0011744944495178154,0.0013086946194244688,0.743415385909261,0.7307150692293696
561,C25,448891,102.0,0.0021822309875534464,0.002311650276664955,0.575924550158708,0.6776886483053589
562,C34,447658,293.0,0.005231325682408979,0.006154937422441569,0.7175639654710791,0.6811696429937164
563,C43,444969,184.0,0.003833888844810374,0.0041071441341144,0.5500793984001063,0.5776060832517518
564,C44,420473,3043.0,0.043827360325024385,0.0431240542899095,0.5631502119336567,0.6553982898925619
565,C50,433789,450.0,0.008902429375584598,0.009050037104746386,0.7360334416139688,0.7430604702348764
566,C54,246951,105.0,0.0038518816792315023,0.004147214692969149,0.5449599962652635,0.5251676483853631
567,C56,247907,67.0,0.002504728234034777,0.002734321650216263,0.6029124772361563,0.5479966613029108
568,C61,188466,642.0,0.024793217776460673,0.02605470428230451,0.5662981222030885,0.641367061435389
569,C64,447728,75.0,0.001685136885373183,0.001932342374016579,0.5264240829392409,0.5927354446412735
570,C67,448031,75.0,0.0016597043603811755,0.0018552230547702788,0.6148257120491,0.7428795238818098
571,C71,448950,46.0,0.001111830312039374,0.0011283302748213635,0.5266009232922078,0.5932726053948593
572,C73,448429,26.0,0.0006223473421846158,0.0006908316776714926,0.6384453442379014,0.5805425888353523
573,C82,448505,26.0,0.0006593196111638535,0.0007242288615696195,0.5624583742622714,0.6054877451598368
574,C83,448091,76.0,0.0017326896671676912,0.001818863580991904,0.46558698692536726,0.6725183220486626
575,C85,448578,27.0,0.0006614726466025714,0.0007224216145778451,0.5299506385871147,0.648415056977294
576,C90,448433,67.0,0.001544396418049436,0.0016036189911010819,0.4940560287201401,0.6505639282832701
577,C91,448277,40.0,0.0010543145278367788,0.0010627339837710507,0.4984321352320312,0.6832313597494183
578,C92,448814,36.0,0.0008613378903175666,0.0009303547236194564,0.5558649141545362,0.6472494319141213
579,D01,448516,85.0,0.00192756962404476,0.0018331465521568824,0.5175075659223329,0.5942481674995708
580,D03,447158,71.0,0.00169016392178838,0.001899558508871121,0.5850681549613008,0.5717430552083681
581,D04,447955,43.0,0.0010785895279734716,0.0012134041967845296,0.5793566385756006,0.5906879756696395
582,D05,245956,67.0,0.002936909284447306,0.0029887752684183257,0.5719760518078689,0.5655558511627895
583,D09,447828,98.0,0.002074068402743629,0.002273444150009409,0.6226474524323834,0.7073204195130356
584,D32,448486,27.0,0.0006727799614953615,0.0007365655200708615,0.5074477265480234,0.6456698258802799
585,D47,448595,29.0,0.0007367684522945052,0.0008627954251916165,0.5623552187069077,0.6485755296533459
586,Dea,449137,9188.0,0.08476876995892146,0.09439419630867014,0.8372429467036823,0.7188227117378517
